{"file_hashes":[{"block_hashes":["w2HeEytOgYqH8wumwsHgtdzhgLg26eUy11VHcmiJx5M=","r6LVlaniQ0LarcFOnx1sQpqRXyNVYvGpkE4qFZkA+zA=","01X7CUkDOn33u7iXct2VyS9bb8CjxBIsXHh1dfIaaXs=","n+yrUlWmoBUhG84tEiISloTJwCam5qqDQY5R7ctXZpw=","n78Wgz2okVN5J5OZipScy2cfdKpjNRZi1BMFF2T9kPE=","eJiaxwDrTz1/C4zgztX2G4Rcfy6B9fWFo3ZJSGpVUbE=","25+3xSC1FPg1rGSqUT2YtMg+5twOa2+q5n/y8gckJ+w=","opYxPz06kDGc0YfVOaaEB3Y7syBjHBo1gfn+bMqn6Ds=","ck0/WnGl95Wc2Yd/sJkUcqH6VDVLC48IiJIHgfo4aHo=","fhFim4QcZMCW/9SLx5kwLBLRw8lAwirl1NeoNyQgOWg=","XEGSvKZLC/SSwbBZ69T/uVxsa0DqVgNU326i9hlJEgw=","Nbzb99L3nnvJL4WGtwoscRTyfXgq8W/Ohcoh1GYygNY=","S4ZkCEj+LFsCJ1cb3nuAs5A9mfWqkTCz7rNjFsEjdfE=","/kWZ98Y4/AC1U3EM2QtniKKSBacNChA/9LAqJJWu6NU=","GlVDO/tApSeCvJeWt1YUD6LJ7EJOk2uskLjXlDLG4+4=","qquU/A7MwccnQT2S3VCuHCQPv+01iXGsVZx5yir/2uw=","Sb7Zskh5el3/15ANq1kilpyyVNkmtHYEieTtG7tMZ5I=","DEe31RYzyHGQowlSONbdU/F82qHzQfHADcJfSE4z3Pw=","Vcr1XepK6DL9CAzbmGpjpwH9uh3iwlDqDIgsrwpPp38=","rmn+p7ivSaMh/qYZl7ZnTY2Wge8VeCS1aWVFoiTxyME=","HnaChpOF4GEuNg19LHMkauq7IM94mqkKEsLRKzXMXEA=","XHKd2aFICLLBpqnBlks8X1r2nWP+QM5FQymYE1NPBM4=","h8QY+pAjGQX96e97SknlfAX2eh8GTOPEcPgdjmO/CkU=","25CNyBCnmx5zYmxMXyq7CO8SMOeol3dVeGH8b2Twxpg=","krQpGztzwDNyrVYWVf/Dv6SkTsYfA2/xQfjyUl9GyHE=","JwV3SblcieTyJ9eofe7MsXYUFUhGCAjFr89AfNJVDtY=","cdfKVr9lq+vE3x0/BEVrUY+Gyk6yV/zfrxcLO8zPQJw=","3M3bBL1Pnrmonis0zw3ZDFUdhJ5iN+hIew6Lmr7s3/s=","U2c5ySB/cxxh7ePPxEETscjVCdlXG90Lg7GpAvIJmu8=","4L+vABnWmG173vUEUMox4xakK60MJAJzBsD4rbewoPU=","V3MYtc5JoaIGomXRMiSAOdIAxEngmmQcQ/kyR7upNbI=","qCrFPwQ4iQtzZholeBqOjoEiTJaSXy0SEuHRMITuWF4=","cNHf7iD6VpyMc4tC4UNYeDxEWfFNrY8NHtlumMYDZNg=","YPn5KfYuZcooag/gjR2wNV4isxDhW1jaZ44wHr1dyf0=","Vej22jobczr7JwDB1/NvfFqnLklfLrZV1dxXQJEpXw8=","b7HAtA8zrtCgm3UoyWpt+pJV+4ebzLw53Rkes3/K35M="],"block_size":4096,"path":"css/bootstrap.min.css"},{"block_hashes":["RHGi4zSyDsr9fuh9mt94pN+mL18ImAQDNZ7WuNZxkwQ=","TI3pOFQxu7f9KCBRb0brXsuBm+N9YAwWMZwHS75X+ps=","/zd5lRjaiuyss4xQqO5dNm0SjcFN3YwsUFPsRCKlhaI=","kOKc11gT2HxqiXCuCZq65KO2/LwRvJvoZr5CCM99P1M=","vU6iw8Dtx4G+ASQzdAg9M5w+ZbxOQrfFn53B7RSbCZc=","5ys3TDhjbS9I6H6QytA3onem2pMs1pZItlR9H/Qvvlw=","XDSwFGWOPCLQhUBQYD5eF0wB5uYeMF0/Ov0kY1no2uM=","9M2bG39r5g301VeWSpZZGfJlZl6I1Gi1BwPdgHsJin8=","7LsFccpwH7/FiVKlm3FRNNa3VToLhkJ02p70f7YP+Vw=","nXGCQtV6bHKF1bNqLBecMPFhNpvs+/uOeM+SsL5k88M=","ud0nyd9yPe/cnNl4OgYXX5TooFb3gb4wlj4wfBbWlvA=","8xX8OfPnDejEROLze5MVRMXYWk1oZZZxXj/nQ8jkrSI=","9lEHsc8LwCSiu8Y+BHnt21mEIbWxaRS5m9Vwm1k36lA=","TJbW2GhjDJOk6fwlVUw8Jo/+nP16iIxpWtO3OPwR6yo=","Kl+FiVorhpeZ6XQT5N4LT28yzwEdBH6KE0z5SyA8c+4=","+UmCN9n/lO8rMjJpbKjgUm7HK4mtB7GCo+juPVjDiBM=","exhUNen7wCP3l6qh5ujbnD8F7m0kO2FcyYJcyC9U6pM=","pV9hoaGQ8A5fxb0P78j5bjUzwiG9GdjuAAVAzs9WWNI=","vjtuZwzwGgRdSh8FWp/iMVc/KBRNvnsi1NtJbwqC3HM=","Nm0OeeuzZeReI/Sc3oRduvLI4OguLko9O8Ks4nChCuo=","QblE9p95ZNpKimG8WkhgH3PlRZZheANRpKSOImHYZTc=","WuZa7vEtYk++siN77sWF/gkP/Ma2Wt+BpAXNqiRUH4A=","xAznKWKDiBjj9YXQjSZGPK8VN10z6jGkgCKrndOR7QM=","mBZLVEeQKUY9JTlVCOGYik+QnHEo2DSGAe9Yqzt8a84=","zJ+ReyDcleUP0iqWFZ6EIOw10yXnmquSq8SJ2OKYr10=","NVXiKVKzBiFQ7MHRWAl8+j9VnUiM3AHiTbwBlfpQCpU=","wzNpnYH5mApPS0+CFMHisNQFW1e3sa0Q/1Sy8SsaYCs=","IZnnlcE/U2Y1PmNm9cHO8D4FQieD0Ka4rxHzch0+GHw=","rwjVGzus0uFqTW+pp/sHuaCSONjmo+TXOct+427t30s=","MZkMARgoIguqbv3ft1/YxryoWDI5qtW5wc06L3J+fp0=","sK8tBGp9Qvm6O1jU5vZZiWpnHeDIJp4cPXCKAp1Unxs=","WeHkdF7f3zpVN9uXsR8l4NdDZhxdIMQgQQqiWp+966Q=","Y4CzjDI7SS/dpeUx25WMfptXCx4jCP6PstXs6eNFZuE=","Wdf0orssErwfx7XE1ffZ6mhWH2oxJmTBq5srbTqbebU=","QQbmjayFy5D8W54LOQltYSSivlGN2oSqIbCpNCoHGYk=","SBXhExc47PGjXBNl1IoloVTjbThvicFQUkWlj44D6SU=","ZsZToHi3oj8TSkDBnN3FqB8nDpeMIIQ5BpzIZiW6hLI=","8m4Az+SV8NGOtybU5c4XAmMMiORjcrIXeqTPzjxXJV4=","KnXbVBv3OBOtzTHfn2VsfkVlUx0SNvO4zGWG96JJFzM="],"block_size":4096,"path":"js/angular.min.js"},{"block_hashes":["yrZBFEg+7XWqVA26YHMetDKVXxUxB9WgnhxXXf1aWxE=","ZLJNonO/rz2f23H+aXnEquaPn5uXD0KJS3DgvaJ4C3U="],"block_size":4096,"path":"js/archive.js"},{"block_hashes":["IqrfqFgx+uKwyQzRTVVn2K1LdHBSd0iVpsLBKLQHL2M=","KNuPaNgoQb7Xd6aOuISfGKnaLVBJiMgNp8iOHtnGFuQ=","209+U5pSWYKi+qxSH7JW6rCYAwTtEPcYHoj1VOhyGbk=","5GzeGAUxOdBu9Ixr1/wtGsvh4Oibavz2dilTzdsceJo=","XY1DNQYe02wPWS58FqHllJhFq/8L3rNWd4kkjGQ/I4A=","Une60Xx2BTH5IY/4I4sP4iLtCxm3Xwbt8z03G1xYPS0=","URLxaLIHMqoeExi5wl3MnJlS/ZbF9TIcf2n0jeedRgA="],"block_size":4096,"path":"js/bootstrap.min.js"},{"block_hashes":["/nZG01QqJzXOdsS2Dt3PyuN6pT5i5FRtylNEyUTraPY=","5igAuqS3BGOo+BDobt01rC80wmZNwWSgF8q9KY7rORM="],"block_size":4096,"path":"js/fb.js"},{"block_hashes":["/nZG01QqJzXOdsS2Dt3PyuN6pT5i5FRtylNEyUTraPY=","HjLu51DwgJtA3uC2mnb7t9TB3C3uC854aj0tMogC9+Y="],"block_size":4096,"path":"js/fbpage.js"},{"block_hashes":["ZjxoRgUuezYStzJbSi5egO7gSNF7Ry96Cjhz7JwuYXs=","RjJz5WDnTgJ2N0YZUza5yzRo9LS6duOeHXZRBjN+yF4=","SGlB00kwUe9kH7o1IIOkzlE07KMd3IPPzy2CMGltJ+4=","gyC9bVpnzp1uethyCrqfT7ZZymlLJP7pktbWnHWYMEo=","/ebUvCvsn3JZaoYh++E5Q50vqB8G0rMlQJREgp+aRSE=","ghdCoskCflwm6TtTz1IOZb17dzuAqQjSsGH+pcrUf20=","aHXEhBEI281bk7c02cypTDEAaeaQw12MVp8W89oQBRI=","8LsjFO1SeXC8mdI8mXnpBFkuVlTN96WM75vqdUQSBNk=","mccZrA9xZwQpnld1XszoPx/BThn4WwYigXiJ/kKajEk=","12l7w6HNQSMbwZegpvA8v5q2pfrrCypyHAiucZl86aY=","PWAxKC/PaGO+3mt9ur+qaPED75d0OroGvCc8LrWi2M0=","nHE/iNIkQjE6O7BwpqRT18WdN/2o4D59uNvtBCwYLzM=","XCBnz2gSBIDg9Irxo+bnbF6Sckr4VblGD7Y4dX17yrI=","Cw9X4D+bwB+uK76O3Ze3+LciDW6FBp3dWdc9xkMZsxs=","QOcvD/9hOZcJjHULLUD09J+kTqidnTXfJoAe5tmEbzw=","SAelafSJrXzu3lvnIL6AzToprg6s+THL2VuvBWWvkoQ=","v3trCQkYiJ5a9hJ1s9FW/Rz36gklAtY38YsEA2dopY8=","abNqZrNAY16eYJ+VcrxzZL7lU7zx+4MZfRSjhhLU0CQ=","CQ37v1aTnCE0oQ6iUW/fHl0q6ILb0vTQQPrneb5hOiE=","80lDTKgFXPLOqusXoI2BVs/b2W8rZviuTTmLYLfJ454=","c9ElFqWQxVPa54HME6J3MXsUPUOtLJjJyLpApve/2EA="],"block_size":4096,"path":"js/jquery.min.js"},{"block_hashes":["1LD3561KQgoMvtm3khhmCNGIcVAqJcv3yjkFfNueI1Y=","cfvnODGvapxA2JjhXE4i4TzAFqv1aDiGQ1vo1jRgDbo="],"block_size":4096,"path":"js/popup.js"},{"block_hashes":["yrZBFEg+7XWqVA26YHMetDKVXxUxB9WgnhxXXf1aWxE=","F7ZV3TdsnS783gcXgwZm/6xRwsifvTokgfXKeXeS1xo="],"block_size":4096,"path":"js/unarchive.js"},{"block_hashes":["QULz60YzoqGD4dFaENK/rVc19qRNJ24HbTNq0WmvkVk=","nJRP/VQKrcuUILBjmPuK3PmF6ALaRUgVaI1HXckuiPY="],"block_size":4096,"path":"popup.html"}],"version":2}